image_path,unit_0,unit_1,unit_2,unit_3,unit_4,unit_5,unit_6,unit_7,unit_8,unit_9,unit_10,unit_11,unit_12,unit_13,unit_14,unit_15,unit_16,unit_17,unit_18,unit_19,unit_20,unit_21,unit_22,unit_23,unit_24,unit_25,unit_26,unit_27,unit_28,unit_29,unit_30,unit_31,unit_32,unit_33
Stimuli/3b04445b08b072ac1709f75075a4f0fc.png,51,34,42,46,48,43,79,35,52,27,61,55,157,39,78,51,27,31,22,64,66,50,39,29,55,30,62,58,74,63,98,77,140,37
Stimuli/13cc437b7da92ad0ce1626b3c5b63922.png,60,52,50,66,56,73,104,47,42,34,71,77,188,54,90,96,29,34,27,51,86,58,38,51,74,48,75,85,79,79,123,155,171,41
Stimuli/c3d4407f19d0d0936ad67bd3e1fa8cc4.png,38,30,45,44,31,53,64,31,36,18,72,47,147,30,64,56,37,43,24,30,47,42,42,43,52,33,58,52,48,94,151,186,111,26
Stimuli/b09d642d256581479fae561bc7f9fb7c.png,45,26,42,45,43,47,75,35,39,33,54,56,172,30,75,62,35,31,24,45,58,44,26,45,48,26,53,50,55,37,61,63,142,23
Stimuli/9c5c60586e776ae9840dae62408261ab.png,44,47,58,67,59,60,86,43,56,35,68,76,202,36,80,67,41,48,37,62,79,47,43,44,87,43,69,69,68,109,148,163,172,38
Stimuli/3ce4f43f52d16f8e37153240ee32e7d2.png,34,31,35,58,37,59,66,21,40,42,58,51,158,40,79,38,26,37,19,44,82,56,36,41,45,36,57,60,65,56,98,115,128,26
Stimuli/2cda2d9d0805ae09535c4d4d47636d8e.png,46,24,30,30,39,55,89,18,53,34,61,60,121,38,58,53,33,26,29,39,57,29,32,37,48,26,59,77,64,58,54,78,132,30
Stimuli/b833fd9f7401900439ab5645ed612676.png,36,27,42,44,32,41,48,27,41,18,46,37,106,19,65,42,25,21,20,33,65,31,36,41,44,31,33,47,46,128,119,112,109,25
Stimuli/5fff0a08166937d59a0688fc4dc07018.png,46,55,72,59,45,46,78,52,51,44,67,65,195,27,93,57,43,39,25,42,79,53,36,55,53,57,62,63,69,89,100,137,227,36
Stimuli/4b39c5b32120d1485c053808d6a8e3a0.png,37,26,36,46,33,50,98,32,60,15,48,52,106,27,65,49,31,40,30,44,66,49,33,35,67,25,54,65,52,51,73,85,145,27
Stimuli/e65db7b44908cf6a3264994238053285.png,57,41,56,51,48,64,92,43,57,36,89,67,179,36,80,91,37,45,32,52,81,55,39,44,76,39,69,70,73,113,131,142,147,51
Stimuli/255df9be4ceaf976247914c07ded5297.png,49,55,65,74,51,59,102,37,60,51,67,61,158,42,80,61,59,53,33,45,81,51,45,61,69,68,82,73,89,113,120,134,179,50
Stimuli/15275ccf934763d7e8dc93b0f80217dc.png,52,51,66,58,52,75,101,44,58,41,66,70,220,31,88,65,61,50,38,48,97,39,38,44,64,48,91,86,83,83,130,140,214,41
Stimuli/bcc18905b59b085d4fa8b7a587f32f63.png,36,22,42,39,43,54,50,33,35,17,49,45,110,34,72,52,27,34,23,40,49,31,39,37,45,47,29,58,47,38,82,70,125,24
Stimuli/40dbf89053feb9299b28d1df87f322f3.png,33,37,55,56,30,39,72,24,40,39,68,58,126,34,71,60,25,31,19,30,63,40,35,24,49,30,65,51,61,53,90,68,141,31
Stimuli/03afee3f3104dfe917a1f0273cf6531a.png,16,13,17,15,10,15,33,18,25,9,18,27,78,14,25,17,9,27,14,21,36,16,9,9,33,13,20,33,28,47,51,53,70,15
Stimuli/6660d6a3e0a3c1d5842e5e1c3307b4ce.png,55,51,52,57,61,70,95,44,56,49,81,78,185,37,99,79,50,33,43,58,96,38,44,50,72,43,69,83,78,148,135,177,199,37
Stimuli/0d96af0e263f1a53b03e8da1df5a88ae.png,29,30,41,34,45,36,59,34,35,28,56,45,136,25,65,53,23,38,20,31,41,19,36,38,49,41,55,49,51,80,144,172,97,19
Stimuli/4a18cb02387a4a3649e7063caebdeb40.png,18,12,20,21,18,32,24,13,19,15,33,30,66,25,28,37,7,20,16,22,31,32,12,21,21,11,33,28,31,0,0,0,55,19
Stimuli/41ed19ebcb729500ddb12741dd9f073a.png,41,50,29,33,24,43,59,35,33,28,60,50,122,24,56,59,30,27,32,19,69,34,29,27,42,50,60,45,43,104,116,144,140,23
Stimuli/5a48c4a9220f5fc9e9f9644114178925.png,61,35,64,57,44,68,84,42,57,46,98,59,168,34,91,75,41,51,36,51,78,46,31,48,72,39,82,82,60,80,109,125,188,33
Stimuli/a17a84c2ecd58d3420427ce207d1e7bc.png,56,51,66,48,66,68,98,65,74,37,76,69,188,36,95,93,48,33,33,49,107,47,43,54,82,53,85,61,93,112,127,148,214,40
Stimuli/6278e240f14b3160991ab0b2e6e0c3b2.png,18,11,24,17,15,25,34,14,19,12,32,18,69,13,19,30,21,14,7,32,28,30,12,9,28,11,24,28,27,0,0,0,60,14
Stimuli/e99a9b71de5cad794f3d862f6fdfce2b.png,53,42,49,60,46,64,89,37,54,56,83,72,200,30,83,71,35,44,38,55,116,72,43,52,67,47,87,82,68,119,131,138,203,48
Stimuli/5b9a77a8e26d65ba1b9a0c41279f1864.png,41,23,24,41,28,39,35,30,47,12,30,36,83,23,52,29,16,21,12,33,55,28,19,26,30,14,33,33,45,58,61,88,85,18
Stimuli/a312511f46f8036ec4679bf73b5ca925.png,52,29,63,51,42,57,110,27,57,36,75,70,181,33,80,84,32,60,35,49,94,53,44,44,76,45,68,70,85,76,110,135,185,39
Stimuli/05ed48d19e9cbdd53f7f474a1f90e523.png,10,12,17,19,6,16,30,15,19,16,20,16,74,8,40,18,12,6,14,12,37,12,8,20,17,15,20,19,24,55,64,56,72,12
Stimuli/c847c75568e9658253ff14831425af85.png,36,27,32,40,35,51,82,31,42,35,59,47,118,38,53,52,34,20,21,47,56,31,26,42,45,32,38,47,62,54,55,88,107,28
Stimuli/1cbbc4dda2d421cf5b112ec90273a535.png,26,23,32,40,28,34,53,33,27,32,42,27,118,22,54,30,27,20,18,26,67,30,29,37,44,24,32,41,55,92,139,158,85,25
Stimuli/234d3e072b39673920bfeefcef5c2ecf.png,56,45,55,62,39,62,127,46,67,50,72,85,187,40,84,86,42,40,40,43,95,58,44,44,63,52,92,70,65,97,143,136,222,48
Stimuli/e036f6b0fde4b89192b004f770319855.png,22,17,29,27,20,26,64,19,32,21,40,23,77,18,47,32,14,30,15,27,42,23,23,28,35,31,36,32,33,68,60,89,92,15
Stimuli/b3cdce759514d10995ce0fe1052115cd.png,50,39,45,50,47,65,101,25,50,27,68,73,161,31,82,83,35,54,34,51,112,50,51,38,69,44,92,70,90,46,60,58,171,31
Stimuli/dca81d748123c83af36ee0d1a09ddf65.png,22,19,18,24,18,37,21,18,28,14,21,33,87,16,27,26,13,24,13,17,32,18,16,24,17,13,26,19,37,74,65,59,79,14
Stimuli/5f0af00140da19b5ddd3aa7a7da53c82.png,41,42,61,73,37,68,93,34,60,41,98,70,158,30,82,80,52,43,25,72,101,47,47,52,78,43,107,76,65,117,112,123,174,42
Stimuli/5c3693b7304cda04287fbf94da5c6733.png,47,44,59,69,52,71,91,41,54,46,78,73,177,34,80,76,38,51,44,49,87,46,60,49,69,44,87,46,68,88,137,166,214,44
Stimuli/b29ab08751f34f0e5c98523ec2a356c6.png,61,40,53,49,45,72,108,41,70,39,89,66,144,41,84,62,18,42,23,54,86,66,36,50,82,38,65,69,65,134,121,159,145,40
Stimuli/f5c782cd8d7f2d3b9a97f2df72cf112d.png,61,48,73,78,59,82,129,49,51,41,74,69,194,41,81,97,64,64,32,57,104,60,58,62,98,38,98,81,107,117,170,187,227,44
Stimuli/854342fe708c7c16554af143c8a277a7.png,67,56,83,63,65,84,92,59,45,46,101,71,191,47,98,89,51,46,32,50,106,63,50,68,75,52,93,75,93,122,109,143,194,59
Stimuli/52291bd9b68a83297af4caf5f5279196.png,57,48,76,74,81,82,98,56,61,44,88,68,208,42,98,79,46,54,48,44,94,44,62,64,76,40,93,99,100,128,175,165,181,47
Stimuli/4ba4e1ea627d981c4659946b27eba428.png,35,38,45,37,35,52,63,34,29,32,62,52,118,15,45,39,33,49,20,27,74,24,36,41,56,34,56,38,55,33,50,65,100,26
Stimuli/c2661532be683a8dc7045f540506f62b.png,63,48,65,68,56,83,87,53,76,49,61,70,175,48,105,68,43,35,34,53,92,48,52,61,76,48,79,65,83,110,115,155,183,47
Stimuli/132e15594968e4780065ccd22004d5f6.png,54,46,58,70,59,67,85,36,51,45,70,63,173,33,83,83,44,61,37,53,94,58,50,60,75,54,84,76,74,114,126,177,155,38
Stimuli/67797e578363e26a745595dc1fd35631.png,34,32,36,40,21,49,65,29,34,29,41,40,124,24,61,47,31,29,23,22,61,27,32,18,40,37,58,47,57,64,58,66,118,22
Stimuli/3e038f2ede859662599649c26456afa0.png,60,52,63,71,59,67,91,48,52,43,88,87,156,42,94,73,47,55,31,47,94,51,49,44,65,57,68,64,100,98,156,177,163,38
Stimuli/d1a4a129e250f8fc7eee6e96b92e39df.png,20,23,24,19,20,37,41,16,15,17,23,28,78,15,34,20,15,24,9,27,40,19,21,11,33,18,29,15,28,59,74,61,71,12
Stimuli/a062341e457b40a8da15cdebb622877e.png,40,23,58,44,48,52,79,26,49,29,55,51,140,28,57,53,34,37,25,48,62,37,38,35,57,27,53,62,50,47,54,89,125,22
Stimuli/c4f4697073e2c2cf8425fdd85e381ec9.png,42,36,41,45,48,50,56,38,51,32,61,61,152,39,67,53,32,46,30,48,83,50,32,35,52,42,56,63,74,64,66,63,119,20
Stimuli/74b5305f6448c814c62d25c00e332215.png,39,39,31,43,35,39,67,25,40,33,43,41,144,24,47,38,30,29,26,25,51,30,30,30,54,24,48,54,50,75,79,85,113,29
Stimuli/5ff210ebce386c9c0f9c48e9bf206cb9.png,49,57,61,61,60,63,93,43,54,30,69,67,192,34,80,67,36,47,49,48,77,59,41,49,64,41,72,66,81,117,122,155,178,39
Stimuli/c8ad85faf1972895f0f88d1532c2e1e1.png,17,16,12,16,9,30,41,10,22,12,28,20,79,18,33,29,10,17,9,17,44,15,17,10,14,13,45,23,21,0,0,0,76,18
Stimuli/631f763b70ec41a82b7b6c1dfc408c99.png,56,42,77,65,50,72,123,43,80,49,76,69,182,43,108,95,50,59,40,42,106,69,47,50,90,68,93,69,81,99,127,188,243,44
Stimuli/1592f3dc71fddf42a6df56f0d32977ab.png,78,63,102,98,81,103,150,73,112,49,117,98,233,70,142,112,66,73,37,97,127,98,67,76,92,45,106,96,143,89,125,164,219,48
Stimuli/a4ba793499387d59f5aa74bc9c2ed183.png,35,20,35,33,33,40,55,28,33,25,28,26,97,30,56,38,23,26,19,30,30,25,24,30,32,15,27,27,52,0,0,0,64,24
Stimuli/1823d09db9b3e292425fd344b787386c.png,21,27,26,32,21,28,56,16,31,14,35,29,90,14,42,32,18,23,20,22,40,27,23,25,34,19,55,37,32,33,71,87,118,12
Stimuli/9fb23447a4d131770d5b4c1d3ea97041.png,50,22,37,30,32,32,54,34,45,27,37,41,111,29,77,49,29,36,18,19,54,38,35,39,44,30,44,38,65,55,54,56,120,21
Stimuli/6cedd3fd8bb9a184112b0e3cbe3df624.png,56,38,64,71,49,59,110,61,72,38,75,75,182,31,83,62,41,48,37,52,94,47,39,57,71,37,99,78,78,101,116,149,203,44
Stimuli/7d8bace37aec6fba8baa8b208aefc567.png,43,30,35,36,40,49,81,23,41,16,46,42,132,24,74,42,24,38,9,41,66,45,30,43,60,28,41,42,63,55,52,65,124,26
Stimuli/6d41c02331857faaa2d914fa3417dfd0.png,55,49,53,72,46,79,124,38,65,37,77,67,205,48,96,63,52,54,32,55,74,62,46,53,72,53,65,84,79,119,120,141,227,34
Stimuli/8ef1c8a01198486b0cc07f71cd871718.png,21,10,26,16,22,18,30,17,21,17,38,19,69,21,26,34,14,20,11,15,42,28,16,14,28,14,37,21,23,0,0,0,63,22
Stimuli/15d85951aaf3a7cb567f156632500054.png,38,24,34,34,33,43,45,29,35,22,57,44,126,17,43,46,26,28,27,28,50,37,29,34,44,37,40,45,48,34,86,94,136,24
Stimuli/f67453d0aa6f59f9a37c9921d4fc0b6d.png,33,33,28,44,35,45,66,28,46,28,48,31,124,29,54,55,28,54,14,28,62,24,27,30,44,38,44,35,37,79,68,69,124,23
Stimuli/295678163755aa8cf6a67ece6119bda0.png,41,26,37,63,49,53,103,28,43,31,55,41,133,23,55,51,38,26,17,37,82,43,29,44,44,35,46,44,62,66,56,57,134,33
Stimuli/acf1d2dac542cf792e3894a879ce710e.png,52,31,45,57,50,62,106,50,65,46,72,66,163,47,89,69,41,55,29,48,103,55,48,49,70,44,67,72,72,103,112,155,204,40
Stimuli/e0742ad55ee643ee44c5b3fe42e066b3.png,36,26,34,37,33,44,65,27,44,34,49,41,144,29,72,56,25,34,16,34,63,47,36,32,55,37,73,43,46,54,56,55,137,35
Stimuli/e292e73f56dccac448673dc939165778.png,52,38,38,56,44,49,80,37,57,26,66,39,138,39,78,56,35,32,26,56,78,49,37,51,64,41,48,46,61,84,83,64,122,29
Stimuli/1a1b04ceceda1763eeca6cfd379c174a.png,29,29,30,37,30,35,66,46,39,22,60,41,134,25,58,62,34,39,32,32,75,37,36,43,55,27,43,44,57,36,87,104,111,22
Stimuli/04ad5d447b10f0a08b78c5bacdb8ef5d.png,39,31,36,35,33,46,87,26,56,19,42,38,123,24,58,53,30,34,28,32,59,37,29,32,45,29,75,54,54,56,62,72,138,25
Stimuli/bc3428bfc482cc0a596b75938e93a7f8.png,46,39,53,64,54,55,103,50,67,48,70,61,192,44,97,77,41,52,38,49,90,62,44,42,80,44,89,49,80,92,136,146,160,35
Stimuli/b2505fc42ec5ebfd5da5c5e4c24c8951.png,34,29,35,29,30,38,44,30,38,20,67,38,111,33,47,54,16,27,12,39,62,29,15,31,45,41,59,34,50,79,99,105,86,21
Stimuli/a582d0876f27eae0e14921662ceffdf0.png,53,45,70,67,43,55,79,56,50,52,73,65,188,46,95,77,42,49,36,60,94,51,41,48,69,54,106,77,78,113,103,155,175,31
Stimuli/7cf3b41b4f282311cfd14394ba0a899d.png,34,44,21,30,45,39,54,30,49,26,53,34,92,24,58,51,34,29,32,38,46,29,39,34,47,34,47,47,42,50,95,95,126,22
Stimuli/4947e941a9e80a04cde5770681999613.png,31,26,32,41,37,54,56,35,40,23,57,48,125,24,78,59,24,31,17,44,59,40,45,42,53,24,65,56,59,72,71,55,99,24
Stimuli/c3c32be047001420b38bc71d9ec2ada1.png,61,45,49,54,55,60,96,40,53,46,76,68,166,39,90,85,48,46,37,50,93,59,51,49,66,40,55,64,78,99,138,130,192,42
Stimuli/c302493de7a399b3044f618d3ed6a37e.png,22,8,26,23,19,17,33,7,24,18,24,28,58,9,24,25,11,12,14,24,42,18,14,26,20,16,28,22,25,0,0,0,50,15
Stimuli/f820c8d573dd8468bd51155cb2b8e95c.png,28,24,49,49,36,52,60,29,44,26,39,52,129,28,48,50,36,37,22,34,71,45,32,43,48,39,51,48,41,51,66,88,118,36
Stimuli/8462918947bb2c7d3350b19b88e50453.png,52,43,61,72,56,66,114,30,60,29,68,66,185,40,90,76,49,53,65,48,104,62,51,59,80,40,77,76,98,152,131,148,206,43
Stimuli/b6c54069ae67d881a3d3b9dae7fb2552.png,30,37,32,35,39,45,70,42,42,18,49,31,117,27,67,58,31,40,22,27,87,42,29,39,47,33,78,47,48,52,59,72,130,28
Stimuli/370a99fdd149178a9092e50ebb39d9f2.png,44,44,53,49,40,65,86,32,58,43,83,73,165,39,105,65,32,36,29,51,103,43,55,49,69,41,59,61,64,66,113,154,153,29
Stimuli/e2e53101ee9aa95f680d1971657eac9d.png,46,36,50,55,40,55,93,34,52,29,83,55,203,30,81,69,47,47,41,52,83,47,25,37,71,40,64,62,69,101,108,142,176,44
Stimuli/81ad96a503adbee0a3203790b86adf00.png,47,25,30,36,30,39,83,28,44,17,63,42,127,19,53,49,31,34,20,42,59,50,28,37,39,28,48,51,62,46,57,81,120,24
Stimuli/c4b4f43e437a555568df2cc782daadf2.png,22,17,18,17,25,32,43,20,30,11,23,28,66,14,44,39,14,15,19,28,50,28,19,22,27,16,30,36,34,0,0,0,59,18
Stimuli/edf6c86b5e95fcf79edba825bd04c030.png,35,29,40,41,41,48,59,29,44,33,63,48,159,24,48,63,35,23,20,35,49,31,31,38,48,26,35,53,58,55,68,58,91,14
Stimuli/2dabdf7a56363c9097192fb5ba7c4ee4.png,38,25,32,39,30,45,58,35,54,18,47,48,120,23,61,50,29,27,22,23,57,35,23,25,47,41,35,51,35,68,73,89,130,29
Stimuli/9d201674a66f0634c507e34d9001097a.png,51,53,52,56,46,62,117,47,56,38,69,83,178,33,80,84,41,41,33,41,75,41,48,55,63,63,86,92,83,116,134,184,179,35
Stimuli/0d6fde116cf62873097b2706b2182141.png,31,29,37,36,35,32,54,18,42,25,51,34,121,17,51,46,22,29,20,25,54,39,30,30,43,22,46,41,58,63,52,57,83,27
Stimuli/1fbc0226bd15251f6de4102383cdba53.png,68,43,76,61,55,83,98,49,42,34,84,77,211,38,104,80,64,45,36,69,99,51,49,51,63,35,82,55,79,102,169,171,181,36
Stimuli/dd426167daf4f7e87005014b20fd08d2.png,68,42,51,46,45,57,77,42,47,30,64,44,167,29,71,47,38,53,33,60,78,41,25,50,52,41,75,56,78,48,61,84,102,28
Stimuli/9f12f8adc05f1ce27eadfec814a497ad.png,53,34,49,49,50,74,105,44,64,49,63,72,223,25,94,76,36,48,40,50,92,61,46,43,63,41,69,61,88,116,133,147,160,44
Stimuli/cb76c35934aca1129406856a513f76d4.png,28,25,37,30,30,61,86,22,40,23,51,40,96,21,49,54,25,34,27,39,61,34,37,45,53,32,46,44,54,42,95,80,113,25
Stimuli/53dac407a6975698130d1928cc44ccd4.png,53,47,55,66,61,67,103,54,55,49,88,77,213,36,86,84,39,50,35,49,93,59,54,44,74,51,92,77,94,110,133,177,199,33
Stimuli/1521205b6ffcfcc76455dfb554fa608d.png,20,18,20,28,26,28,40,18,10,7,30,19,50,13,31,33,16,18,15,20,28,10,14,13,27,18,19,18,29,48,60,70,50,9
Stimuli/ef79036a0d1255943d1c46d7c0f41f30.png,54,53,70,66,45,61,103,47,56,32,63,77,175,34,87,86,41,51,34,46,92,45,52,39,66,56,83,63,70,91,137,141,148,26
Stimuli/e36060f6891ecf8c3976160c524ea197.png,42,35,49,42,39,58,81,39,45,27,58,38,120,24,67,69,32,25,26,43,63,42,36,43,56,37,56,47,71,59,72,76,111,29
Stimuli/d6fb9db5c3abe30f12c695df30fbbca1.png,47,43,58,60,51,61,73,37,68,40,67,74,189,30,94,59,46,49,28,46,103,56,46,58,66,49,66,81,64,109,135,160,166,34
Stimuli/c02bc8b9421eb710534013a7574a9829.png,69,36,60,55,57,69,101,50,65,46,85,66,186,46,103,89,40,45,43,50,110,48,54,58,70,37,88,68,64,160,219,227,190,44
Stimuli/0d5430d6a847d0c330d4c75295667c19.png,33,25,31,46,27,39,39,29,36,29,43,44,134,23,59,46,26,26,23,35,53,33,32,36,38,32,75,44,46,102,129,131,115,21
Stimuli/ae18de2384d0ac2062d13c8175d650c0.png,68,45,74,67,68,90,90,53,67,52,80,64,193,29,113,96,47,43,37,60,106,71,56,55,86,48,91,49,106,166,225,247,171,36
Stimuli/1cd4a5fdc416cca37a84d405b9fb8076.png,23,21,33,45,30,33,72,31,41,20,56,45,113,20,49,40,18,28,22,34,53,41,35,35,46,33,54,39,47,89,108,123,100,21
Stimuli/dae7c67d9b011bdb1e26f1d722f9d6b2.png,47,46,59,40,45,71,84,42,43,34,56,68,140,29,82,71,38,39,30,49,95,50,36,45,61,38,72,68,58,142,151,200,178,23
Stimuli/85fd65473e8dea7fd25afd1599699f64.png,58,37,58,57,47,71,93,53,60,37,87,68,208,30,103,83,55,61,36,55,72,54,41,55,83,45,74,85,84,174,234,246,171,40
Stimuli/17dee6307bcb0419fe922e5530a40a40.png,38,31,41,53,38,45,58,30,36,29,42,53,142,28,70,53,30,39,19,42,77,40,40,37,63,43,74,46,59,136,116,129,141,28
Stimuli/196f4d29776a80edd8275f17297b80fa.png,63,43,56,70,53,86,108,53,66,37,85,72,205,41,110,84,51,45,51,76,106,68,63,59,78,55,114,77,103,187,216,219,150,53
Stimuli/37262305c106ad59836b89f1bbcea80c.png,18,13,24,23,17,27,41,14,20,7,24,24,75,14,36,18,19,18,13,17,30,23,12,18,27,17,26,27,31,71,64,66,59,14
Stimuli/c986d1b81f4f002b560fdcb4bc213551.png,39,23,27,42,34,41,65,31,31,22,57,49,116,23,59,44,33,39,28,31,62,34,27,38,54,35,48,40,44,131,159,170,113,23
Stimuli/f667805e3481f30833c63e2f2d2ae4b5.png,33,23,37,42,31,42,83,28,36,19,52,32,97,26,65,46,26,39,28,29,79,38,25,33,57,23,64,48,57,130,104,119,131,28
Stimuli/8aa6422cf8b0509d37d68daf76729f10.png,65,39,50,53,40,61,78,50,48,25,65,65,162,34,100,85,46,41,26,67,99,51,48,52,87,42,55,70,82,181,222,211,166,32
Stimuli/dcf308fe8296166f096e85d4e4036021.png,27,18,18,27,17,32,47,25,28,11,23,26,78,21,35,33,22,15,12,16,36,20,18,20,25,14,28,28,22,66,65,78,50,14
Stimuli/2ee95c9c38ff4b24da2cffcd3969884f.png,58,51,50,49,62,77,86,52,52,49,91,76,203,29,86,61,42,51,41,55,92,53,60,54,65,53,61,89,82,178,220,279,196,32
Stimuli/0d40ba6d1f2f570d121ccbe288407429.png,33,36,48,39,41,43,49,29,41,11,41,38,127,26,48,53,31,36,37,43,67,50,33,25,45,38,56,55,57,138,175,184,126,32
Stimuli/590167c98b96b3da01816dd3d37b216e.png,44,35,54,56,44,68,88,40,46,44,82,50,170,32,95,73,46,42,42,45,77,29,50,39,59,37,62,63,63,214,203,199,141,41
Stimuli/5e816c295a3366b930a677244baad502.png,27,24,19,19,18,32,34,13,23,26,24,26,83,12,37,20,21,30,25,22,40,17,21,14,30,15,32,36,31,81,84,97,64,21
Stimuli/15a6343c1784be970b4a2e7b0fa003d3.png,25,31,30,34,32,58,73,26,40,29,36,39,129,26,65,39,30,33,24,32,44,40,27,21,49,26,52,62,46,118,117,130,107,24
Stimuli/00f8a1743c2e49e2cae75d0f0fb4f2df.png,52,43,45,59,56,63,100,29,48,33,85,65,187,40,88,67,51,47,28,68,93,50,43,50,62,45,115,69,95,202,172,205,181,46
Stimuli/fb083b4a5c97a7d84b98a5165c241e77.png,48,41,66,65,53,61,101,55,72,40,88,81,165,36,75,68,26,48,30,40,94,56,45,51,74,56,78,64,89,185,194,212,175,45
Stimuli/c7b811dd5bb0983c23d29d3e1c2d50fd.png,36,24,23,37,33,42,66,27,41,33,48,38,128,20,63,34,25,35,31,30,78,45,23,41,48,32,46,46,47,150,145,140,108,29
Stimuli/2d95b60ff55ca87a56208333071d21b2.png,58,36,71,72,56,77,98,43,66,28,68,68,193,39,98,84,35,57,36,58,103,55,41,50,87,47,68,78,80,175,184,226,194,30
Stimuli/535dc4a30475320ca8686c00e69d81a9.png,69,51,51,53,46,71,82,46,58,34,63,91,158,42,92,76,43,56,31,53,80,40,45,48,71,45,79,74,90,182,222,233,171,46
Stimuli/d3e588801d143cf35ac9c655fb564899.png,47,40,63,60,51,53,90,46,47,31,62,64,182,30,91,80,37,48,38,47,75,41,49,45,68,39,67,59,77,188,170,156,184,39
Stimuli/311395844e945c2dc6d15243f7faa22f.png,43,46,35,44,31,53,57,36,30,26,42,43,142,31,51,47,35,49,31,48,64,42,32,28,46,29,57,68,48,141,130,158,125,33
Stimuli/5aac89740e8af401d0fe9414523b3879.png,58,43,57,59,41,52,83,39,59,49,75,77,168,30,73,94,33,53,56,62,81,41,48,47,86,61,62,62,86,177,220,222,172,39
Stimuli/473280bcdda7748d1cfa3fad3394dc88.png,36,24,40,44,40,50,65,34,39,20,56,41,115,24,56,40,17,43,30,42,50,28,31,38,49,33,72,49,63,154,139,131,104,38
Stimuli/23b5d9c8de2e0396777a46137ce52532.png,45,27,38,53,34,44,52,36,32,34,71,51,112,22,68,54,34,40,18,36,80,27,35,33,36,32,47,57,54,132,165,142,119,20
Stimuli/5b50a813a8cac2af2c2479318132e271.png,33,30,49,47,35,45,72,32,44,36,47,47,142,28,50,54,33,31,21,45,60,38,25,34,68,25,62,63,47,129,108,145,145,29
Stimuli/ba50efc98a372d26843632b2940bab04.png,30,22,42,52,39,58,83,33,45,18,48,54,115,14,77,42,30,43,27,37,60,43,30,41,49,33,67,50,54,132,132,126,132,31
Stimuli/e0a9e51c40552021e631876aa223b76a.png,63,45,90,63,59,79,107,50,58,39,82,82,222,21,99,75,47,57,31,56,75,55,39,55,72,46,82,64,96,212,221,248,178,45
Stimuli/2f1f9341f9ddb32c83d9bdfd8f54db42.png,25,8,31,23,14,30,21,19,18,15,23,21,47,7,42,24,16,20,24,19,33,17,18,13,28,15,17,32,29,66,78,70,53,15
Stimuli/fc3538378f1222ec73c96e2b6ec762ac.png,43,25,48,38,41,67,65,36,41,27,52,46,128,21,62,61,33,54,18,40,57,39,26,42,61,41,67,53,62,142,123,157,131,34
Stimuli/041e1d8f68c2078513c138abb6b7cdab.png,48,42,65,64,43,71,90,39,57,40,72,63,198,49,81,75,35,59,44,53,83,66,36,60,68,39,58,72,56,158,166,220,194,50
Stimuli/ccc83baf4ddb09a0cd2f5295a1fabb7c.png,51,32,38,39,47,35,50,20,29,32,55,33,138,38,63,54,29,43,23,30,72,30,38,42,54,35,57,50,48,138,100,113,118,25
Stimuli/2a18fa89fba64424664eccb845ea8a86.png,39,29,38,31,32,44,62,31,44,22,52,45,123,27,56,47,27,30,28,36,59,43,24,34,50,33,40,47,69,140,135,140,91,39
Stimuli/46adf8caa0066b201eb9ee91a49d7509.png,64,56,51,56,53,69,100,50,66,34,81,66,183,32,90,82,53,47,37,41,96,63,40,59,92,44,89,67,84,181,200,236,177,37
Stimuli/8aa1990645a68fc465a80496652297e0.png,46,26,45,47,54,50,79,33,41,32,66,60,189,29,76,70,36,54,35,36,85,48,45,66,51,45,73,54,70,197,212,181,157,32
Stimuli/8260a018d896b4e2c3b4990db64b79e8.png,52,55,56,60,27,60,121,47,75,40,87,67,201,38,102,71,49,77,35,56,104,62,50,59,82,37,72,70,80,222,192,216,206,38
Stimuli/cc9c8f1123e3ce783670f9f5782a046d.png,44,43,51,63,59,73,109,43,70,51,95,85,177,42,101,70,55,58,42,45,102,63,38,55,69,68,81,67,85,135,212,253,158,40
Stimuli/074e478443048ef91a815f40819b523f.png,56,43,60,67,43,62,83,34,71,44,64,54,185,26,86,81,37,42,37,32,95,33,49,53,62,46,60,87,77,159,175,206,150,38
Stimuli/c7f26118bbbfdd6c372b37256e68f33d.png,35,32,46,50,37,36,85,25,38,19,53,38,126,20,55,49,31,46,34,27,54,41,25,34,51,39,49,52,38,126,96,122,113,13
Stimuli/67652b54c467f4d30b044e421b437b2d.png,41,30,38,44,42,48,71,29,37,30,54,54,129,27,62,61,23,45,24,36,69,27,33,27,54,32,43,73,48,144,146,151,107,34
Stimuli/f1d6bee446acf3611c6784efe1b4c29e.png,70,51,53,68,62,65,84,45,54,42,84,74,190,41,89,65,41,59,41,66,96,65,70,60,86,49,68,66,70,202,173,215,187,34
Stimuli/a4778e35a5e05bc3546c07cc71492e5a.png,57,49,53,51,36,63,90,43,48,57,79,66,170,33,81,74,46,55,34,54,92,42,43,60,60,38,83,55,71,162,194,222,175,34
Stimuli/35e607d73da080995863dcaaf9915cb2.png,33,27,42,40,43,45,46,28,43,32,56,41,105,20,61,43,20,35,26,28,59,35,34,35,68,43,49,41,49,145,131,136,132,29
Stimuli/3d78a787bedd83967dd07b4b4069c7e6.png,33,24,33,41,39,41,44,33,32,28,42,41,114,20,63,44,34,29,22,33,54,30,26,33,54,25,59,59,66,161,129,120,107,22
Stimuli/ca27a7d4d457daa37be82038d8bb13fa.png,38,31,34,48,43,44,71,32,39,32,58,40,125,32,69,48,28,42,17,40,60,48,28,32,48,25,54,56,63,128,155,127,136,20
Stimuli/2f57ed7c6e7d1cbdcffd402898a065ee.png,51,47,59,51,55,68,98,47,53,40,92,70,182,44,105,81,44,56,36,49,77,54,38,54,88,42,72,63,65,198,214,183,172,37
Stimuli/3425f127f13786f1c07553816bf7526b.png,58,42,62,78,51,63,85,38,61,34,87,58,182,49,74,71,55,55,45,50,88,47,49,64,77,47,70,81,82,152,225,243,197,50
Stimuli/f6ad6a1e9bbf68ea81c0daf54aa295d5.png,57,54,67,73,45,71,79,43,53,37,62,68,190,34,91,84,56,52,39,56,82,43,43,47,80,44,94,63,76,153,189,206,188,30
Stimuli/c65210495b0cadd40822af9f0ac86fed.png,36,39,45,33,30,40,49,36,36,26,55,35,134,27,50,43,37,32,23,21,74,37,31,38,64,25,55,45,57,110,124,128,115,20
Stimuli/bfe1bdc8e1b871f8b8a3ee54933c04d2.png,27,28,46,53,26,53,60,29,39,26,44,31,124,29,49,48,18,37,26,29,52,30,29,33,54,31,44,37,42,107,89,114,128,23
Stimuli/028bf8717e31d89386747ed15033b151.png,52,35,47,47,35,46,85,34,48,32,48,64,157,36,80,64,41,45,25,40,81,54,42,34,50,32,53,59,51,145,138,158,177,32
Stimuli/a5d933854cc58f6c6e2f3c28dbb0c6e4.png,36,21,52,42,33,39,57,34,32,22,55,37,117,24,49,36,33,51,23,40,56,36,27,24,53,25,69,48,44,108,141,188,89,20
Stimuli/e00c7a3c33f2225360ae42c392c0f1db.png,61,36,60,59,48,83,98,40,49,36,96,88,179,29,78,86,36,54,35,48,99,73,50,64,84,37,91,80,83,213,175,193,190,45
Stimuli/e5e3ff000ddd4bcb7edcb799bbacc9ea.png,39,25,41,40,32,43,59,14,42,27,49,38,131,18,61,46,27,42,18,27,71,47,26,44,44,25,50,43,63,136,145,141,142,20
Stimuli/ce514c4daaf9ee555e72a44e27636309.png,34,17,34,58,29,40,66,32,40,30,62,33,123,11,60,41,34,42,24,34,80,41,33,47,70,29,58,53,49,135,139,135,125,27
Stimuli/e817d53513602ed6ba00daf6d788e6f5.png,31,24,49,35,37,40,68,30,44,30,46,40,138,28,58,37,28,39,28,37,42,38,30,29,33,28,59,42,58,102,173,163,132,23
Stimuli/1c6618a8baf494ccba3977c52ca9709a.png,44,45,46,43,34,54,55,36,53,32,54,39,142,14,64,74,34,48,23,40,77,54,23,33,59,25,61,63,42,175,145,170,154,33
Stimuli/cdb48c3f72a7e17a0e37a0a9e76e9214.png,36,28,34,48,29,34,64,29,44,22,53,35,138,26,45,51,23,40,31,29,63,38,24,28,52,30,42,58,42,131,139,149,133,28
Stimuli/606fed9a460f11545e2a97bafc7ff427.png,26,25,25,38,34,46,64,30,41,39,47,48,115,16,51,47,30,38,32,42,60,25,24,30,46,25,59,38,50,107,117,135,88,27
Stimuli/8b86d896518c5ef9ea84d3411b72a638.png,36,25,43,54,31,65,71,33,32,22,61,39,146,31,58,39,33,45,22,40,59,31,31,32,53,33,42,36,75,95,142,193,86,26
Stimuli/9441831bab9856133b7cececc5e792b4.png,66,33,66,52,49,52,95,42,54,33,85,76,173,35,96,60,37,51,39,50,83,49,50,50,69,50,79,77,94,174,166,235,163,40
Stimuli/61d6aaa23f05c6be74ea243b6cb9aa08.png,53,43,54,72,50,66,124,45,41,36,92,50,181,26,93,93,47,72,39,45,87,70,43,55,67,40,85,72,73,165,197,243,168,50
Stimuli/9c9e2690293aa9b1148b08583cddc761.png,45,23,39,39,37,43,75,25,37,30,44,49,125,28,78,58,28,42,37,38,70,42,35,33,52,41,49,52,63,113,121,169,98,20
Stimuli/f1bab1420a178c886b28c4d3b891f200.png,43,44,53,77,64,62,108,44,75,49,98,75,180,38,107,82,51,81,34,55,61,46,39,53,79,59,72,67,91,201,215,240,214,41
Stimuli/c82ca949ee9a43cec88d4dcd3b3dae50.png,50,50,62,84,59,65,90,44,56,45,65,74,205,41,106,78,48,62,32,43,84,60,45,46,63,32,60,62,88,168,158,217,166,27
Stimuli/e48a26506f2811895c0987d907ad6335.png,55,40,55,67,50,79,93,45,52,39,87,63,152,38,83,77,37,67,40,46,102,72,50,39,69,41,69,72,68,153,169,191,180,31
Stimuli/73d0ee7c3eb90d510bee3239e938fd29.png,57,38,64,70,55,72,95,40,69,38,82,51,182,36,96,84,58,49,39,64,70,57,39,43,54,54,69,77,73,160,174,218,202,32
Stimuli/ccf1d8365fcabce6c1ed8761fcc3c8c9.png,37,27,40,42,29,33,57,26,30,24,42,37,102,27,54,45,29,44,17,24,54,32,20,34,47,28,46,45,44,118,125,170,141,20
Stimuli/80607ed70d2d582380ae9354620b24d4.png,42,34,45,65,50,43,99,36,54,28,77,45,156,29,68,52,35,52,34,41,86,39,45,45,86,44,67,62,72,158,184,228,189,34
Stimuli/578963a9ab8babb85f626501c2938dfd.png,20,17,9,20,20,32,36,14,25,7,37,22,80,16,33,23,17,37,9,22,50,13,17,13,23,16,36,28,24,60,57,81,62,13
Stimuli/b52f77f02120bbeea1a1b0a16a69bf28.png,58,44,56,65,53,59,94,34,63,34,80,75,222,27,74,77,36,70,31,54,93,49,51,46,84,44,78,79,84,173,182,221,162,40
Stimuli/5002de353e88fc4b236663adb660a1d4.png,27,26,32,43,32,36,47,27,34,28,43,48,107,23,55,54,33,31,14,32,61,27,33,40,38,20,44,35,40,99,142,125,112,17
Stimuli/e5e1fd1d57e0ae0d877c9979d54bca28.png,54,46,51,66,50,53,107,42,78,43,99,56,181,24,75,72,35,58,33,41,92,54,59,54,56,49,58,68,81,184,195,221,186,39
Stimuli/bcea054224d59e75383b39629c79b7ef.png,35,31,40,45,39,41,73,26,38,24,36,50,102,33,59,55,26,54,21,39,69,37,39,42,52,24,53,61,59,115,95,138,130,23
Stimuli/a29b036cd8819c67561cdf491683a203.png,15,8,8,18,30,13,27,13,15,21,18,28,46,15,22,17,10,32,9,13,23,12,19,18,18,16,29,22,18,57,61,59,66,7
Stimuli/5cc1a92b42e9f5efa34459b6eebbc503.png,42,20,42,43,31,48,58,27,41,18,44,39,113,12,51,48,18,34,20,22,59,35,27,25,39,38,40,44,58,88,134,119,104,28
Stimuli/e3fb629c5b0733e71c368c52f0510d49.png,20,8,15,24,14,24,40,13,17,15,25,28,66,18,34,30,19,19,17,12,35,17,11,21,25,11,21,24,19,86,54,71,39,6
Stimuli/ce38b3a6209c3ca5eea5fab0372f822e.png,37,22,46,31,33,40,72,23,43,24,50,61,114,37,70,40,31,34,23,41,58,33,32,27,37,31,66,54,58,92,128,166,134,19
Stimuli/cf2bb4a4458b0c96ad90d1be77e4a2b4.png,44,50,57,49,41,52,81,46,54,34,71,68,178,37,79,64,44,53,41,48,67,49,34,52,69,51,78,58,64,123,190,211,185,29
Stimuli/117e1e20c3ff2e369c463ae52b4eb25e.png,39,41,36,38,34,60,68,27,44,24,50,44,131,32,58,49,18,49,19,35,67,38,23,44,47,26,49,55,63,123,136,144,106,34
Stimuli/b50feba7e53bf868db5301c0c36f2acf.png,39,23,37,36,38,29,67,28,34,25,38,36,117,23,68,45,39,34,26,33,64,36,28,29,50,37,47,52,38,114,131,150,123,16
Stimuli/8b1a8fbed10118ee19afdf1a2264d7aa.png,60,35,61,81,56,75,80,47,57,44,88,69,193,33,103,76,42,63,20,50,92,51,57,45,62,54,72,63,86,163,211,243,134,34
Stimuli/5d1df5f818b475ba5fe544b402ecb1ab.png,51,33,64,59,41,64,99,48,53,44,80,64,166,46,90,91,47,59,26,49,80,58,33,46,83,48,76,89,81,161,215,282,167,42
Stimuli/9a2c80bdf77cbf3b2f9e6270764de74d.png,35,31,31,38,21,42,65,34,34,33,48,37,127,28,53,32,22,59,28,45,52,43,31,50,35,24,44,48,48,99,125,121,120,32
Stimuli/3956337e5237d540f3d1aba824072319.png,19,14,13,13,23,25,41,10,22,6,30,31,57,13,28,30,10,29,16,15,29,26,19,10,29,17,33,33,25,64,73,83,47,8
Stimuli/1a2b52f960b8d8db8093bdbd0e4e8776.png,43,57,67,65,70,78,114,63,65,33,93,68,187,42,141,73,47,68,35,71,108,51,65,75,83,56,87,65,90,155,225,247,153,40
Stimuli/98812ab10e3a10415a940c4ee66e7d79.png,34,34,38,29,23,38,58,30,29,26,53,39,105,28,49,41,30,38,19,40,38,27,27,26,45,26,29,46,40,93,111,138,124,23
Stimuli/b53fceee2b69ea5c5479da7a7a02158a.png,27,34,33,34,34,51,46,34,41,22,69,42,91,23,38,40,24,36,22,30,58,25,20,32,49,37,41,42,45,85,145,165,116,29
Stimuli/ce1def42c7b456b7202b951ae6027698.png,34,20,46,33,23,33,69,26,40,29,54,50,111,18,53,55,31,51,19,37,55,36,29,30,35,43,41,51,50,110,133,180,135,24
Stimuli/9076f861f30abd2790d60ced5299ebc1.png,68,31,62,58,43,64,114,38,58,38,88,57,195,31,94,64,46,64,33,55,76,49,38,47,56,40,87,82,79,143,217,286,172,43
Stimuli/ff8d750d3aee428e7fd38963609dea10.png,60,46,67,61,57,76,103,45,76,46,86,65,183,33,106,80,37,65,31,62,107,61,64,53,67,43,113,85,80,148,178,248,218,33
Stimuli/794d2e8104aebdbbe9aec49b0d8515c6.png,57,35,61,51,52,64,133,31,70,48,91,69,172,45,98,64,49,75,40,53,105,55,40,56,86,40,86,81,55,164,211,236,212,39
Stimuli/2a34b770ae2fe009abee5ea2542a83d1.png,55,42,40,33,39,58,61,36,34,29,58,41,126,24,61,63,37,52,24,46,70,38,26,35,57,39,65,54,42,123,126,152,118,20
Stimuli/d3997706d0e86b0af749c099078fb771.png,35,38,42,45,41,41,88,32,42,27,53,55,134,31,73,59,23,39,18,38,61,53,31,35,52,40,62,50,51,110,125,172,135,20
Stimuli/78626c0496a7b935996c5b8deeae4815.png,44,56,62,75,66,73,137,51,69,51,79,72,188,40,94,97,53,68,47,45,81,66,60,80,94,52,89,82,95,201,262,285,214,41
Stimuli/76301cd79fa1d584e33b10b8ab4c4dad.png,70,31,54,67,72,80,99,38,62,40,74,77,193,50,92,81,53,64,35,59,99,48,55,57,92,40,82,65,74,162,190,234,162,31
Stimuli/d87d53dceb7e8230728de2ae4aee65de.png,46,32,36,61,46,51,87,37,47,29,56,42,168,27,73,63,44,39,34,43,88,34,39,44,66,26,58,41,60,132,138,181,163,29
Stimuli/4f83194f7f78194d93b9c908a2135f2f.png,70,51,68,74,63,74,100,48,74,45,100,82,212,46,114,92,48,72,32,64,111,76,63,62,86,62,74,89,123,197,274,248,205,43
Stimuli/6963f8a2bc04d30f5d407cf226141d9b.png,20,20,24,27,18,16,47,22,24,12,21,19,66,13,28,32,13,18,14,21,26,12,26,20,16,20,23,18,28,50,52,58,81,9
Stimuli/9d4f1448be2cac44451a9e0b7552bc3e.png,27,12,17,16,15,29,39,17,17,13,29,19,63,11,32,21,10,34,16,17,36,20,18,9,27,12,32,26,19,54,56,77,67,13
Stimuli/24ecbe9298ee789125b5a8810e163d31.png,49,37,45,44,39,67,103,32,60,26,60,47,158,24,76,66,35,41,27,46,75,47,26,41,49,39,63,63,60,112,146,168,158,27
Stimuli/9085956b87e446eac95b1ebab5598855.png,47,42,48,59,54,59,85,36,56,38,62,67,185,32,86,71,50,54,51,49,114,55,63,54,73,56,63,65,70,152,176,230,191,34
Stimuli/0c5ac5ef037effb08483456a0be80b80.png,62,43,57,60,41,65,77,36,51,35,66,65,167,30,96,75,36,42,37,51,71,46,37,44,75,44,93,74,75,143,215,216,159,25
Stimuli/f76af0273a587a23de0f137f6a353862.png,48,38,49,52,38,67,74,36,41,30,62,51,152,41,82,66,30,51,26,47,71,33,44,43,57,37,65,60,68,125,180,186,169,35
Stimuli/a4ec71822db6488584c6b35e26b566a4.png,31,30,34,54,33,52,100,23,53,28,64,51,104,20,67,56,27,44,33,38,78,41,30,35,48,27,50,54,44,88,148,179,130,24
Stimuli/64bc4e566afd7b9d9007072bf7a10857.png,42,44,54,58,40,52,81,42,47,42,81,61,190,27,80,57,39,55,28,47,77,62,34,43,61,46,74,63,60,148,186,264,181,38
Stimuli/b787d99f34240c478745c346d41468a5.png,42,30,39,54,41,54,75,28,44,30,50,47,140,27,56,46,28,41,29,32,73,36,31,33,42,28,54,50,57,110,130,149,133,28
Stimuli/bed77e6c0c3d42a4d435e1510c274a9d.png,54,40,64,72,52,76,104,44,67,38,88,79,201,30,95,85,43,59,35,45,69,52,43,41,62,35,86,76,68,168,170,272,183,29
Stimuli/429c7cfc03b7d4283b8e3452cf95e577.png,36,19,61,49,34,48,79,38,41,30,47,48,120,27,80,55,29,43,21,25,69,35,30,42,51,29,45,67,57,96,107,175,142,22
Stimuli/88a6b5604d36d4dbf02dbeaa99dc4737.png,28,34,47,44,30,44,71,31,36,35,45,55,127,26,57,38,34,36,29,30,76,40,29,33,53,40,68,50,36,127,120,170,118,28
Stimuli/a094812807c005d1b4fcfaa2a46e9dff.png,57,40,58,68,41,79,92,43,59,36,80,73,164,36,79,58,40,48,36,51,93,58,53,52,65,42,74,75,106,132,212,276,169,31
Stimuli/afc85aef487d06a3c63206eea69092cd.png,38,28,24,38,30,42,66,32,34,28,46,50,107,22,61,53,20,45,21,29,53,37,19,29,52,23,50,49,53,98,112,122,119,19
Stimuli/f0bb1cd13e750444eebbfd52b0244053.png,41,36,37,36,34,45,50,35,40,29,52,57,165,16,60,41,26,23,23,28,62,39,35,45,59,33,50,43,56,100,134,166,155,18
Stimuli/8f192529f6e3095aea1999101b3286bf.png,10,8,23,12,21,13,49,13,16,14,31,20,56,11,22,16,20,24,11,19,31,18,14,17,27,17,30,24,26,68,55,73,55,16
Stimuli/e005d25375d2301bd7a389e200806022.png,48,43,71,65,54,62,108,33,50,39,70,61,167,32,82,79,45,52,37,50,76,65,44,51,64,51,72,71,64,179,212,251,197,31
Stimuli/ab01c239155ac4eb3441ce96fdbfbce2.png,50,29,44,65,48,74,105,35,59,37,78,53,174,43,111,72,40,50,34,62,86,64,53,52,70,50,72,69,70,187,227,244,158,32
Stimuli/fe20ef046032b5065b82dd9a5ba40805.png,22,20,29,23,23,17,34,16,25,14,32,15,51,16,35,30,19,23,14,17,32,17,14,19,35,11,25,28,25,66,69,77,59,10
Stimuli/bda7e877fc849e502aa3a7b0b0abc4bd.png,42,36,52,52,51,71,101,45,33,47,79,64,178,29,88,76,44,60,22,48,90,56,38,50,87,42,73,68,85,196,159,224,181,38
Stimuli/bd882051e79b9402c3c3dce157f552b3.png,26,7,21,13,15,29,49,10,20,12,28,22,70,8,31,25,12,16,8,18,31,19,6,19,29,15,18,39,17,54,64,66,54,13
Stimuli/21edd62ead265102f5034d10c991750f.png,47,37,52,48,43,53,70,42,54,29,70,45,155,33,74,59,30,48,31,49,91,35,39,56,77,40,47,62,64,158,167,183,122,33
Stimuli/01db669a9f743e98e3ab22fa6fd062c5.png,33,30,38,34,39,46,87,32,36,34,54,30,111,21,62,41,26,36,22,46,89,31,24,40,47,30,56,61,61,123,110,131,123,29
Stimuli/1ad0d232a2faf2f356f706b6c7714c9c.png,48,29,43,48,62,67,89,36,46,38,68,59,161,36,80,66,36,42,30,39,79,38,42,35,75,46,68,75,73,177,185,234,170,30
Stimuli/72364e6970f864215dc878605ed4c218.png,61,36,58,58,57,62,103,52,55,35,73,72,180,31,89,87,43,49,23,40,92,46,43,48,69,45,66,94,77,197,191,239,172,35
Stimuli/6d5a2e717c8cc3abbe3de03722c5fc08.png,48,51,51,64,41,55,77,45,55,37,91,59,165,33,87,68,36,44,26,43,93,55,44,56,63,43,82,67,57,154,239,234,184,34
Stimuli/0b7d06c69d6d0c5cd71b1e0a09e81762.png,49,38,57,59,58,57,86,38,61,43,60,54,183,36,85,70,42,50,26,44,86,52,49,45,79,40,67,77,71,156,150,219,135,44
Stimuli/0218cc482a352fd4290e55ac1439bb06.png,50,45,53,68,54,73,111,42,45,32,71,76,197,35,67,80,55,67,22,48,73,46,34,45,67,69,71,70,80,188,217,212,211,46
Stimuli/634edde55c5cdfa285101e6ec6307a77.png,79,45,71,75,58,95,149,51,74,49,86,85,229,37,108,93,42,64,49,72,98,70,64,69,96,65,97,75,84,207,248,291,199,51
Stimuli/020416658d7def6236b3e2cce31a75dd.png,34,20,31,39,32,46,98,26,32,22,32,35,106,31,70,56,30,22,12,24,64,25,29,35,46,21,47,64,45,106,123,102,109,21
Stimuli/42f628467be41a3fa5fc4c82846a86e9.png,54,39,50,58,51,63,82,37,55,37,64,57,188,29,86,69,28,45,22,48,79,60,41,52,76,49,64,59,81,161,169,189,202,24
Stimuli/576c896ad45d2cf0b15058eb5ddb30da.png,14,8,22,24,19,23,35,10,11,12,23,17,61,11,38,32,10,25,8,18,20,20,14,18,23,11,27,30,23,69,54,55,61,13
Stimuli/24c22f314dcdcfdc3807f843a1878ca1.png,25,19,36,46,45,61,82,31,36,23,57,47,137,21,77,55,29,41,19,44,70,54,33,36,52,29,55,44,54,116,130,141,137,12
Stimuli/313928d15a697d120c384c8e9d3d23a3.png,16,10,26,17,12,22,31,14,20,9,18,15,72,5,28,33,6,19,5,16,31,19,16,19,24,8,24,30,23,65,52,37,52,9
Stimuli/1687a92f8cb3d7090025e6397f7e8d17.png,19,19,16,20,14,18,58,15,23,18,21,24,49,18,32,16,16,19,12,14,36,12,9,20,20,19,20,32,25,55,68,77,44,8
Stimuli/80d4f8ed3264bc2e51b81ae7122ae7a0.png,28,27,46,43,39,50,46,27,41,19,59,47,109,27,65,52,36,31,21,43,62,40,33,36,67,44,46,46,62,130,140,118,108,25
Stimuli/77100da0c1c8f2ed83a215fe6afe9557.png,15,13,11,23,8,11,23,15,14,10,15,18,65,16,25,23,17,18,7,11,27,20,12,15,17,11,28,14,22,48,51,54,66,8
Stimuli/711d21462d0f2f3f3f57f55f31652c24.png,36,28,37,36,36,29,72,28,45,26,74,45,100,24,66,59,20,24,21,35,55,29,25,32,44,21,53,49,52,81,168,193,127,26
Stimuli/8c118b0c986beed2e2bb2fcbf9e0880f.png,17,18,25,27,23,29,31,11,32,6,26,21,57,11,35,25,20,16,11,20,27,26,27,15,27,12,27,28,43,51,73,71,83,15
Stimuli/baa3e38541f64d2732e3dd5745be4add.png,20,20,18,24,15,27,38,12,21,16,16,38,65,11,36,30,10,10,5,10,34,19,14,16,24,10,26,28,29,47,72,59,61,11
Stimuli/6541769ebbfad4a5c7a9437db7e8597d.png,28,27,35,45,24,42,79,20,41,22,43,40,102,21,62,63,18,20,29,30,60,27,25,35,61,20,43,60,42,75,111,129,100,27
Stimuli/43c48a25de9b4f7d2eb0a1cd31196257.png,12,12,22,16,13,23,30,19,15,14,26,22,49,11,29,22,12,19,7,22,36,15,13,14,25,14,23,27,26,78,65,47,39,12
Stimuli/ec82623b6ce9aa4621f200e86b17b110.png,37,31,47,37,43,49,70,25,35,21,65,52,149,23,69,54,26,26,21,32,60,27,33,27,47,35,68,54,52,96,128,155,140,27
Stimuli/5c86c41ae383d6233be87c1a7f6cb6aa.png,43,30,42,40,40,38,68,22,26,32,42,45,147,20,67,56,27,25,24,44,64,39,29,38,51,37,62,47,64,142,117,159,125,20
Stimuli/6c000de1a1afc692ea488de198f350f1.png,31,24,41,39,42,59,84,37,39,36,57,43,120,29,61,40,27,27,26,38,66,47,31,36,59,33,48,44,57,141,137,136,134,30
Stimuli/a913b98766ff251a127f395608e12d68.png,31,25,34,48,36,52,68,28,45,18,48,36,128,15,52,53,29,28,18,46,67,36,27,25,47,24,48,56,63,113,111,137,118,30
Stimuli/fb9afc277ddd833017c01b5761a90b7c.png,35,32,34,50,40,40,62,43,25,30,80,41,132,20,53,44,31,25,18,34,61,46,22,34,53,34,59,38,46,106,160,171,99,17
Stimuli/03029dfb149706f14bdbc4c8b5691ae3.png,15,9,18,17,15,20,31,20,23,16,22,22,57,12,28,17,19,17,3,13,24,15,19,14,29,13,17,20,29,50,58,73,64,9
Stimuli/647be6c2f627ff78c3fd1295f3de4bf3.png,19,16,27,28,16,20,23,21,26,15,25,26,74,10,33,21,23,17,7,23,27,20,15,21,22,21,36,22,22,63,75,66,57,20
Stimuli/63d1d3e31b5f199298902a15f7a7ac40.png,37,23,37,38,33,38,54,34,25,24,55,45,98,16,49,54,25,33,23,23,42,43,33,27,59,38,40,54,47,119,165,150,123,19
Stimuli/66b1ff15d1ae190ede3b0094540fc1a8.png,46,25,38,44,41,54,65,38,53,31,50,54,117,22,59,48,39,30,22,42,62,45,44,43,50,35,63,51,68,93,155,159,120,31
Stimuli/f7b1d6d14193c96a8f17b8b4b62ec408.png,35,30,46,54,38,41,69,29,52,36,58,59,127,27,69,61,27,40,33,32,64,47,37,33,64,31,51,51,77,112,136,165,112,23
Stimuli/e336abff8082f107aec3248862a8835a.png,43,28,47,44,50,41,72,36,43,35,71,56,160,19,72,57,37,28,21,35,71,41,37,38,58,30,63,57,55,119,145,184,134,36
Stimuli/895b67be46af6f6942ab9e87de0ae24a.png,19,14,26,16,19,29,26,13,15,9,23,23,56,15,33,25,14,19,9,20,23,11,19,13,22,17,33,17,27,65,71,67,68,17
Stimuli/1dcd0c0cf8b57472e8b9c2aa3155ceac.png,40,40,36,50,35,62,61,30,53,31,56,40,139,25,67,64,23,24,26,36,67,30,49,40,52,41,59,57,55,106,126,135,102,30
Stimuli/dd7a30a2b736378182e8ebcca4328cdc.png,16,15,24,25,24,22,36,24,25,14,20,25,61,5,37,26,26,19,7,17,53,10,17,19,24,11,14,20,29,73,53,52,57,8
Stimuli/fe5ee85b64e439291776fc52322d1c0e.png,22,15,26,17,28,36,28,14,19,14,27,29,62,20,35,30,16,14,20,20,34,25,15,13,16,15,32,20,22,47,71,75,37,9
Stimuli/d6554048142b681a69664e4ab7723966.png,35,31,39,40,44,41,62,36,46,26,49,30,123,23,62,49,25,33,21,37,72,33,34,28,47,18,52,50,52,102,128,163,128,24
Stimuli/96d863e34b58dca9b14e225c5beb2a10.png,24,17,26,26,23,27,41,18,22,23,27,25,59,19,41,30,6,20,13,18,25,19,21,20,35,22,39,36,41,82,86,77,61,19
Stimuli/f25326fd01dc7bd74ba5c48a6cce3dcb.png,21,20,18,11,15,27,25,12,15,13,28,14,50,13,30,26,16,15,12,15,23,20,10,20,27,20,24,26,28,87,94,90,61,15
Stimuli/a7404f7d0b37a845033ae5995a223400.png,27,33,40,38,26,31,47,33,40,36,54,52,113,19,55,50,24,30,21,31,55,27,31,39,37,31,46,42,51,118,123,146,105,22
Stimuli/207462d4dbb7ef1e58aadc12a4ef5ba1.png,14,27,21,29,18,23,29,19,21,10,19,16,59,16,43,28,14,15,11,18,41,25,16,13,29,11,24,19,31,83,54,106,57,13
Stimuli/c448fcdc31e1d4c41adfb95e8705a9b1.png,46,24,40,51,41,34,61,34,41,29,82,45,131,20,64,48,28,29,15,36,52,36,35,37,57,30,40,35,57,103,128,163,97,28
Stimuli/2f524d2c5808700fad7cf05241ca3888.png,28,20,17,25,12,15,38,10,21,13,28,17,75,22,28,34,14,17,6,9,32,26,19,20,24,13,27,40,27,63,52,74,75,18
Stimuli/351607704dac61c6960a1fac21c34606.png,24,27,30,24,19,23,27,16,20,9,26,34,65,22,30,22,13,13,15,25,37,13,20,24,24,24,28,26,32,75,60,75,55,7
Stimuli/faa79259cdd2ce28e11fe369c1aead6b.png,42,25,38,40,23,37,51,31,37,27,47,41,131,24,58,49,33,28,19,34,55,28,35,33,48,33,36,39,50,108,146,155,117,21
Stimuli/6678e66914f500eb0a76579dbc7be36f.png,24,25,14,17,4,17,26,15,15,15,21,25,70,12,28,31,11,19,13,11,32,9,10,17,19,15,15,26,33,54,66,67,63,10
Stimuli/62b08c6d8dc510902ba4d0f0c9218ca4.png,20,32,32,47,32,42,72,23,34,22,35,47,106,24,43,64,29,27,23,24,68,31,26,31,57,22,47,63,56,71,136,165,125,19
Stimuli/ccf4faee30ae5941b843f4b70657285f.png,10,21,18,23,15,23,26,15,22,11,22,8,67,12,26,27,12,13,15,16,32,15,11,14,16,20,25,23,36,71,83,83,62,12
Stimuli/dc0f8b3aecc82b0ba9f690e94e6c3f00.png,14,22,17,29,16,16,26,20,16,8,24,28,48,12,27,26,10,14,14,21,30,20,16,20,28,11,20,24,30,82,50,64,59,12
Stimuli/969e6ce054414a12ac37e1070d458148.png,37,31,49,39,37,57,41,37,43,27,73,42,134,23,57,46,31,31,20,39,45,35,32,32,58,28,71,46,57,140,143,159,110,24
Stimuli/c2b545b6af86f991cbbecd7468d5f159.png,10,14,24,20,22,16,25,18,21,17,29,17,42,9,21,24,18,10,5,13,33,21,20,16,19,15,21,21,29,45,72,74,52,6
Stimuli/63cd448c009bcae1c50c775ac8c245e6.png,14,16,24,27,11,23,32,15,24,11,30,15,66,16,29,34,14,12,7,11,26,15,11,19,19,10,32,30,21,45,67,72,61,12
Stimuli/2f462c649cca57a402178e6511780a28.png,15,23,13,25,14,20,23,12,15,7,22,26,65,9,25,33,16,14,13,12,29,18,14,17,24,11,34,13,22,44,49,62,49,13
Stimuli/55362fc2eed0944544f96aa22210264c.png,19,15,17,17,7,22,31,19,18,10,23,23,74,8,22,25,13,12,11,12,30,15,19,29,23,16,21,17,24,44,71,59,48,11
Stimuli/f0b38324953d6d8e4dd2c73fb0610cdc.png,30,25,56,43,34,43,57,29,33,21,71,42,108,25,63,53,30,36,20,36,65,42,33,49,46,31,35,58,55,93,134,156,127,20
Stimuli/2d15e9985e72fc9ded5ae97611e6c3d7.png,26,14,21,18,20,17,22,21,15,6,19,15,57,14,30,25,17,17,5,17,35,9,19,29,29,23,19,21,31,46,61,64,51,8
Stimuli/4cad91b72e10cf0bb7570cfbe91a90dd.png,27,10,30,34,16,29,48,18,22,15,40,31,76,20,44,29,27,18,8,22,38,29,25,22,24,23,50,28,36,72,102,99,103,20
Stimuli/36b89435e9282f86a5d8d8d1b673c50e.png,29,37,43,38,28,45,55,28,45,22,49,46,150,17,55,60,25,16,24,28,67,31,35,35,47,18,54,62,49,88,149,148,142,14
Stimuli/a0a23246d3da16b0eedaf5d56f5c0b2b.png,20,24,24,25,22,25,30,16,18,15,32,31,69,16,30,32,17,15,17,18,32,22,24,20,23,23,40,40,35,48,73,98,86,13
Stimuli/b8320551d7828b261104fdef9703f2d8.png,40,39,41,44,37,42,75,30,37,27,49,36,126,29,63,63,29,31,26,36,73,38,34,29,60,41,60,50,40,87,167,193,123,29
Stimuli/62c58199f3f5536a145d6a0c33aaec22.png,44,35,38,49,24,52,49,30,30,22,63,47,112,24,60,49,25,29,27,42,64,47,29,45,52,31,59,48,66,109,166,170,131,24
Stimuli/816a88e4caa1b887388185257a18aa85.png,20,16,23,22,27,22,23,16,18,16,31,19,69,10,40,18,16,20,10,11,27,22,14,20,24,17,29,27,28,48,78,75,71,18
Stimuli/4ebb4e40d3a907f72d88c0fcd2ca33af.png,23,24,20,24,18,29,41,14,21,17,35,27,45,17,33,27,23,18,14,15,31,16,20,21,25,16,25,28,21,55,55,78,73,15
Stimuli/58a64e046854ae1a4b84af61be53ee52.png,19,13,23,24,19,12,29,10,29,14,24,25,58,13,38,15,16,12,17,14,31,11,13,12,18,22,28,10,22,50,57,68,45,10
Stimuli/dfc0ab3e1a0f07a7c6bc9c19ca458aa8.png,25,16,17,29,15,24,29,21,19,13,26,28,67,13,33,27,16,23,8,25,34,16,19,18,27,9,34,21,21,40,67,88,71,12
Stimuli/cdd48d3ef020fbf9bd016c2753ec5155.png,47,38,28,47,38,43,55,40,46,24,64,41,113,19,51,64,40,36,32,38,68,28,38,43,52,34,68,59,65,98,118,170,112,19
Stimuli/eda45a87d9bc66d5008b36be99356f3f.png,25,19,39,28,23,27,41,15,27,26,35,29,79,20,44,33,16,15,12,29,59,18,18,23,30,30,45,41,41,77,113,105,82,19
Stimuli/b431e55409819e82287ecddecaa5753a.png,12,26,13,20,20,22,36,27,21,10,24,24,54,11,25,20,22,18,12,18,31,17,17,23,18,23,31,23,25,51,61,57,69,11
Stimuli/ef5939d1c4383d52390ee879193306f7.png,41,28,44,37,34,37,56,35,27,22,59,34,125,20,69,56,21,23,22,41,62,43,32,40,54,19,54,48,50,102,136,147,115,16
Stimuli/d128f8f0f9c8e31264aea635adbc43ca.png,32,34,42,47,36,24,56,34,43,32,44,31,111,26,54,59,30,19,24,43,53,32,28,43,47,46,54,51,43,94,143,190,113,24
Stimuli/c1af3f6562fe17cdafca0c85c171b0de.png,26,8,20,12,12,23,25,12,13,7,23,16,34,11,30,27,11,16,14,11,24,22,20,18,14,12,21,23,23,11,31,63,62,9
Stimuli/7811c3c1a2e5ce6e53a3cf62912d9a3c.png,18,14,23,15,17,19,34,13,14,11,18,15,75,8,26,17,22,14,12,14,28,20,14,12,14,19,22,16,21,33,65,88,61,8
Stimuli/17761993c4017f1af244c135d2089401.png,19,9,19,27,13,26,36,11,16,9,37,27,56,5,29,24,16,14,10,19,34,15,16,26,40,19,13,24,23,48,67,89,58,8
Stimuli/a19d3f290c0c4db8adc35968c7270511.png,20,11,10,22,15,24,27,13,18,11,30,23,61,8,23,20,10,17,7,10,21,20,15,11,27,11,22,23,17,38,61,71,76,12
Stimuli/fbf79465662cefe58a09631f84e9fbfe.png,15,17,21,22,20,18,25,17,30,5,28,24,54,12,25,21,15,13,10,17,33,15,13,14,23,12,25,25,24,32,51,99,53,9
Stimuli/22cc86779b277314fdb3040e5cf3c0c7.png,15,11,22,17,18,23,31,19,16,13,24,23,58,10,35,28,9,11,12,15,28,22,18,22,23,12,20,19,20,46,73,56,58,8
Stimuli/2abafc4b3c37a9e36a386a55dea7f07e.png,21,12,20,28,20,19,32,23,27,11,34,23,62,3,29,22,13,14,14,29,32,11,16,20,24,24,25,28,23,71,81,76,60,9
Stimuli/130e369d9e9890912f20597f54115b1e.png,13,13,16,15,12,17,28,10,23,13,25,23,40,10,22,16,15,12,14,9,31,13,13,10,14,10,19,19,31,47,71,65,43,10
Stimuli/14c9a5a0705255a285dd3ca10feb2e3c.png,19,15,13,18,17,17,27,21,31,22,34,22,55,9,31,21,17,14,8,22,32,21,16,16,28,27,40,27,30,55,81,104,46,11
,4217,3184,5140,5078,4162,4953,6757,3708,4824,3146,7109,5277,13748,2486,7878,6096,3445,3559,2550,4388,6965,4404,3628,4273,5996,3802,6284,5076,7054,11474,16974,21123,14273,2853
